Workbook

Sheet Dashboard
A1: UPSC Mains — Preparation & Mock Tests Master Dashboard
A2: Consolidated Status across GS-1, GS-2, GS-3, GS-4, Essay & PubAd Optional
A3: ="Overall Progress "&TEXT(A6,"0.0%")&" "&REPT("█",ROUND(A6*20,0))&REPT("░",20-ROUND(A6*20,0))&" · Total Items: "&C6&" · Completed: "&F6
A5: OVERALL PROGRESS | C5: TOTAL TESTS & ASSIGNMENTS | F5: COMPLETED TESTS / TASKS
A6: =AVERAGE(D11:D17) | C6: =SUM(C11:C17) | F6: =SUM(E11:E17)
A9: PAPER-WISE PREPARATION & MOCKS BREAKDOWN
A10: Paper | B10: Major Subjects Covered | C10: Total Items | D10: Progress % | E10: Done | F10: Visual Progress Bar | G10: Pending Mocks & Key Focus | H10: Status
A11: GS-1 | B11: History (Art/Mod/Anc/Med/World/Post-Ind), Geography, Society | C11: =COUNTA(GS1!B5:B37) | D11: =AVERAGE(GS1!H5:H37) | E11: =COUNTIF(GS1!H5:H37,1) | F11: =REPT("█",ROUND(D11*20,0))&REPT("░",20-ROUND(D11*20,0)) | G11: 8 SWL Practice Tests, 2 Full Tests (2603, 2604), PYQ Brainstorming | H11: =IF(D11=1,"Done",IF(D11>0,"In Progress","Not Started"))
A12: GS-2 | B12: Polity, Governance, Social Justice, International Relations | C12: =COUNTA(GS2!B5:B15) | D12: =AVERAGE(GS2!H5:H15) | E12: =COUNTIF(GS2!H5:H15,1) | F12: =REPT("█",ROUND(D12*20,0))&REPT("░",20-ROUND(D12*20,0)) | G12: 7 Insights IAS Full Mocks + 4 Revision NBs | H12: =IF(D12=1,"Done",IF(D12>0,"In Progress","Not Started"))
A13: GS-3 | B13: Economy, Environment, Agriculture, Science & Tech, DM | C13: =COUNTA(GS3!B5:B35) | D13: =AVERAGE(GS3!H5:H35) | E13: =COUNTIF(GS3!H5:H35,1) | F13: =REPT("█",ROUND(D13*20,0))&REPT("░",20-ROUND(D13*20,0)) | G13: 6 SWL Full Mocks, 10 SWL Practice Tests + Handouts | H13: =IF(D13=1,"Done",IF(D13>0,"In Progress","Not Started"))
A14: GS-4 (Ethics) | B14: Ethics, Integrity & Aptitude (Case Studies & Theory) | C14: =COUNTA(GS4_Ethics!B5:B30) | D14: =AVERAGE(GS4_Ethics!H5:H30) | E14: =COUNTIF(GS4_Ethics!H5:H30,1) | F14: =REPT("█",ROUND(D14*20,0))&REPT("░",20-ROUND(D14*20,0)) | G14: 14 Sarrthi Tests, 5 SWL Tests, 1 Insights Mock | H14: =IF(D14=1,"Done",IF(D14>0,"In Progress","Not Started"))
A15: Essay & Copies | B15: Essay Writing & Blank Answer Generic Copies Practice | C15: =COUNTA(Essay_GenericCopies!B5:B19) | D15: =AVERAGE(Essay_GenericCopies!G5:G19) | E15: =COUNTIF(Essay_GenericCopies!G5:G19,1) | F15: =REPT("█",ROUND(D15*20,0))&REPT("░",20-ROUND(D15*20,0)) | G15: 4 SWL Full Mocks, 10 Generic Copies (Full/Half/Specimen) | H15: =IF(D15=1,"Done",IF(D15>0,"In Progress","Not Started"))
A16: PubAd Optional | B16: Public Administration Paper 1 & Paper 2 Test Series | C16: =COUNTA(PubAd_Mocks!C5:C52) | D16: =AVERAGE(PubAd_Mocks!I5:I52) | E16: =COUNTIF(PubAd_Mocks!I5:I52,1) | F16: =REPT("█",ROUND(D16*20,0))&REPT("░",20-ROUND(D16*20,0)) | G16: 32 ForumIAS DAWT + 5 Sectional + 1 FLT, 10 Lukmaan Mocks | H16: =IF(D16=1,"Done",IF(D16>0,"In Progress","Not Started"))
A17: PYQ Workbooks | B17: Smartwork Labs GS 1-4 Workbooks (2020–2024 Year-Wise) | C17: =COUNTA(PYQ_Workbooks!C5:C44) | D17: =AVERAGE(PYQ_Workbooks!I5:I44) | E17: =COUNTIF(PYQ_Workbooks!I5:I44,1) | F17: =REPT("█",ROUND(D17*20,0))&REPT("░",20-ROUND(D17*20,0)) | G17: 400 Questions across 4 Workbooks (5 Years × 4 Papers) | H17: =IF(D17=1,"Done",IF(D17>0,"In Progress","Not Started"))

Sheet GS4_Ethics
A1: UPSC Mains — GS-4 Ethics Tracker
A2: Revision Notebooks & Mocks Pipeline (Sarrthi, Smartworks, Insights IAS)
A3: ="Progress "&TEXT(AVERAGE(H5:H30),"0%")&" "&REPT("█",ROUND(AVERAGE(H5:H30)*20,0))&REPT("░",20-ROUND(AVERAGE(H5:H30)*20,0))&" · Total Items: 26 · Completed: "&COUNTIF(H5:H30,1)
A4: Category | B4: Sub-Item / Test Name | C4: Coaching / Source | D4: Duration / Pages | E4: Target Date | F4: Study / Written | G4: Review / Evaluated | H4: Progress % | I4: Remarks
A5: Revision | B5: Foundation Notebook 1 | C5: Foundation | D5: 200 pages | F5: FALSE | G5: FALSE | H5: =IF(F5,0.6,0)+IF(G5,0.4,0)
A6: Revision | B6: Foundation Notebook 2 | C6: Foundation | D6: 200 pages | F6: FALSE | G6: FALSE | H6: =IF(F6,0.6,0)+IF(G6,0.4,0)
A7: Revision | B7: Foundation Notebook 3 | C7: Foundation | D7: 200 pages | F7: FALSE | G7: FALSE | H7: =IF(F7,0.6,0)+IF(G7,0.4,0)
A8: Revision | B8: Foundation Notebook 4 | C8: Foundation | D8: 200 pages | F8: FALSE | G8: FALSE | H8: =IF(F8,0.6,0)+IF(G8,0.4,0)
A9: Revision | B9: Peeyush Kumar Notes (2026) | C9: Peeyush Kumar | D9: 300 pages | F9: FALSE | G9: FALSE | H9: =IF(F9,0.6,0)+IF(G9,0.4,0)
A10: Revision | B10: Revision Notes (2026) | C10: Revision Notes | D10: 200 pages | F10: FALSE | G10: FALSE | H10: =IF(F10,0.6,0)+IF(G10,0.4,0)
A11: Mock Test | B11: Section A Mini Test 1 | C11: Sarrthi IAS | D11: 1.5 hr | F11: FALSE | G11: FALSE | H11: =IF(F11,0.6,0)+IF(G11,0.4,0)
A12: Mock Test | B12: Section A Mini Test 2 | C12: Sarrthi IAS | D12: 1.5 hr | F12: FALSE | G12: FALSE | H12: =IF(F12,0.6,0)+IF(G12,0.4,0)
A13: Mock Test | B13: Section A Mini Test 3 | C13: Sarrthi IAS | D13: 1.5 hr | F13: FALSE | G13: FALSE | H13: =IF(F13,0.6,0)+IF(G13,0.4,0)
A14: Mock Test | B14: Section A Mini Test 4 | C14: Sarrthi IAS | D14: 1.5 hr | F14: FALSE | G14: FALSE | H14: =IF(F14,0.6,0)+IF(G14,0.4,0)
A15: Mock Test | B15: Section A Mini Test 5 | C15: Sarrthi IAS | D15: 1.5 hr | F15: FALSE | G15: FALSE | H15: =IF(F15,0.6,0)+IF(G15,0.4,0)
A16: Mock Test | B16: Section A Mini Test 6 | C16: Sarrthi IAS | D16: 1.5 hr | F16: FALSE | G16: FALSE | H16: =IF(F16,0.6,0)+IF(G16,0.4,0)
... A30: Mock Test | B30: Full Mock | C30: Insights IAS | D30: 4 hr | F30: FALSE | G30: FALSE | H30: =IF(F30,0.6,0)+IF(G30,0.4,0)

Sheet GS3
A1: UPSC Mains — GS-3 Tracker
A2: Economy, Environment, Agriculture, Science & Tech, Disaster Mgmt
A3: ="Progress "&TEXT(AVERAGE(H5:H35),"0%")&" "&REPT("█",ROUND(AVERAGE(H5:H35)*20,0))&REPT("░",20-ROUND(AVERAGE(H5:H35)*20,0))&" · Total Items: 31 · Completed: "&COUNTIF(H5:H35,1)
A4: Subject / Domain | B4: Type / Test Name | C4: Source / Details | D4: Target Duration | E4: Target Date | F4: Notes / Written | G4: Review / Evaluated | H4: Progress % | I4: Remarks
A5: Economy | B5: Foundation Notes (3 NBs) | C5: Foundation | D5: 3 Notebooks | F5: FALSE | G5: FALSE | H5: =IF(F5,0.6,0)+IF(G5,0.4,0)
A6: Economy | B6: Revision Notebook | C6: Self Revision | D6: 1 Notebook | F6: FALSE | G6: FALSE | H6: =IF(F6,0.6,0)+IF(G6,0.4,0)
A7: Economy | B7: Sarrthi Handout | C7: Sarrthi IAS | D7: Handout | F7: FALSE | G7: FALSE | H7: =IF(F7,0.6,0)+IF(G7,0.4,0)
A8: Environment | B8: Foundation Notes (3 NBs) | C8: Foundation | D8: 3 Notebooks | F8: FALSE | G8: FALSE | H8: =IF(F8,0.6,0)+IF(G8,0.4,0)
A9: Environment | B9: Revision Notebook | C9: Self Revision | D9: 1 Notebook | F9: FALSE | G9: FALSE | H9: =IF(F9,0.6,0)+IF(G9,0.4,0)
A10: Environment | B10: Sarrthi Handout | C10: Sarrthi IAS | D10: Handout | F10: FALSE | G10: FALSE | H10: =IF(F10,0.6,0)+IF(G10,0.4,0)
A11: Agriculture | B11: Foundation Notes (3 NBs) | C11: Foundation | D11: 3 Notebooks | F11: FALSE | G11: FALSE | H11: =IF(F11,0.6,0)+IF(G11,0.4,0)
A12: Agriculture | B12: Revision Notebook | C12: Self Revision | D12: 1 Notebook | F12: FALSE | G12: FALSE | H12: =IF(F12,0.6,0)+IF(G12,0.4,0)
A13: Agriculture | B13: Sarrthi Handout | C13: Sarrthi IAS | D13: Handout | F13: FALSE | G13: FALSE | H13: =IF(F13,0.6,0)+IF(G13,0.4,0)
A14: Science & Tech | B14: Foundation Notes (3 NBs) | C14: Foundation | D14: 3 Notebooks | F14: FALSE | G14: FALSE | H14: =IF(F14,0.6,0)+IF(G14,0.4,0)
A15: Science & Tech | B15: Revision Notebook | C15: Self Revision | D15: 1 Notebook | F15: FALSE | G15: FALSE | H15: =IF(F15,0.6,0)+IF(G15,0.4,0)
A16: Science & Tech | B16: Sarrthi Handout | C16: Sarrthi IAS | D16: Handout | F16: FALSE | G16: FALSE | H16: =IF(F16,0.6,0)+IF(G16,0.4,0)
... A35: GS-3 Sectional | B35: Practice Test 10 | C35: Smartworks (SWL) | D35: 60 min | F35: FALSE | G35: FALSE | H35: =IF(F35,0.6,0)+IF(G35,0.4,0)

Sheet GS1
A1: UPSC Mains — GS-1 Tracker
A2: History, Geography, Society & PYQ Brainstorming
A3: ="Progress "&TEXT(AVERAGE(H5:H37),"0%")&" "&REPT("█",ROUND(AVERAGE(H5:H37)*20,0))&REPT("░",20-ROUND(AVERAGE(H5:H37)*20,0))&" · Total Items: 33 · Completed: "&COUNTIF(H5:H37,1)
A4: Area / Subject | B4: Task / Test Name | C4: Source / Details | D4: Target Count / Time | E4: Target Date | F4: Written / Done | G4: Review / Evaluated | H4: Progress % | I4: Remarks
A5: Art & Culture | B5: Subject Notebook | C5: Main Notes | D5: 1 Notebook | F5: FALSE | G5: FALSE | H5: =IF(F5,0.6,0)+IF(G5,0.4,0)
A6: Art & Culture | B6: Revision Notebook | C6: Revision | D6: 1 Notebook | F6: FALSE | G6: FALSE | H6: =IF(F6,0.6,0)+IF(G6,0.4,0)
A7: Modern History | B7: Subject Notebook | C7: Main Notes | D7: 1 Notebook | F7: FALSE | G7: FALSE | H7: =IF(F7,0.6,0)+IF(G7,0.4,0)
A8: Modern History | B8: Revision Notebook | C8: Revision | D8: 1 Notebook | F8: FALSE | G8: FALSE | H8: =IF(F8,0.6,0)+IF(G8,0.4,0)
A9: Ancient History | B9: Subject Notebook | C9: Main Notes | D9: 1 Notebook | F9: FALSE | G9: FALSE | H9: =IF(F9,0.6,0)+IF(G9,0.4,0)
A10: Ancient History | B10: Revision Notebook | C10: Revision | D10: 1 Notebook | F10: FALSE | G10: FALSE | H10: =IF(F10,0.6,0)+IF(G10,0.4,0)
A11: Medieval History | B11: Subject Notebook | C11: Main Notes | D11: 1 Notebook | F11: FALSE | G11: FALSE | H11: =IF(F11,0.6,0)+IF(G11,0.4,0)
A12: Medieval History | B12: Revision Notebook | C12: Revision | D12: 1 Notebook | F12: FALSE | G12: FALSE | H12: =IF(F12,0.6,0)+IF(G12,0.4,0)
A13: Post-Independence | B13: Subject Notebook | C13: Main Notes | D13: 1 Notebook | F13: FALSE | G13: FALSE | H13: =IF(F13,0.6,0)+IF(G13,0.4,0)
A14: Post-Independence | B14: Revision Notebook | C14: Revision | D14: 1 Notebook | F14: FALSE | G14: FALSE | H14: =IF(F14,0.6,0)+IF(G14,0.4,0)
A15: World History | B15: Subject Notebook | C15: Main Notes | D15: 1 Notebook | F15: FALSE | G15: FALSE | H15: =IF(F15,0.6,0)+IF(G15,0.4,0)
A16: World History | B16: Revision Notebook | C16: Revision | D16: 1 Notebook | F16: FALSE | G16: FALSE | H16: =IF(F16,0.6,0)+IF(G16,0.4,0)
... A37: PYQ Brainstorming | B37: Post-Independence PYQs | C37: PYQ Writing Sheet | D37: 11 PYQs | F37: FALSE | G37: FALSE | H37: =IF(F37,0.6,0)+IF(G37,0.4,0)

Sheet GS2
A1: UPSC Mains — GS-2 Tracker
A2: Polity, Governance, Social Justice, IR (Insights IAS Mocks & Notes)
A3: ="Progress "&TEXT(AVERAGE(H5:H15),"0%")&" "&REPT("█",ROUND(AVERAGE(H5:H15)*20,0))&REPT("░",20-ROUND(AVERAGE(H5:H15)*20,0))&" · Total Items: 11 · Completed: "&COUNTIF(H5:H15,1)
A4: Subject / Domain | B4: Item / Test Name | C4: Source / Institute | D4: Type | E4: Target Date | F4: Written / Done | G4: Evaluated / Notes | H4: Progress % | I4: Remarks
A5: Polity | B5: Revision Notebook | C5: Self | D5: 1 Revision NB | F5: FALSE | G5: FALSE | H5: =IF(F5,0.6,0)+IF(G5,0.4,0)
A6: Governance | B6: Revision Notebook | C6: Self | D6: 1 Revision NB | F6: FALSE | G6: FALSE | H6: =IF(F6,0.6,0)+IF(G6,0.4,0)
A7: Social Justice | B7: Revision Notebook | C7: Self | D7: 1 Revision NB | F7: FALSE | G7: FALSE | H7: =IF(F7,0.6,0)+IF(G7,0.4,0)
A8: International Relations | B8: Revision Notebook | C8: Self | D8: 1 Revision NB | F8: FALSE | G8: FALSE | H8: =IF(F8,0.6,0)+IF(G8,0.4,0)
A9: Polity | B9: Full Mock 1 | C9: Insights IAS | D9: 3 hr Mock | F9: FALSE | G9: FALSE | H9: =IF(F9,0.6,0)+IF(G9,0.4,0)
A10: Polity | B10: Full Mock 2 | C10: Insights IAS | D10: 3 hr Mock | F10: FALSE | G10: FALSE | H10: =IF(F10,0.6,0)+IF(G10,0.4,0)
A11: Governance | B11: Full Mock 1 | C11: Insights IAS | D11: 3 hr Mock | F11: FALSE | G11: FALSE | H11: =IF(F11,0.6,0)+IF(G11,0.4,0)
A12: Social Justice | B12: Full Mock 1 | C12: Insights IAS | D12: 3 hr Mock | F12: FALSE | G12: FALSE | H12: =IF(F12,0.6,0)+IF(G12,0.4,0)
A13: Social Justice | B13: Full Mock 2 | C13: Insights IAS | D13: 3 hr Mock | F13: FALSE | G13: FALSE | H13: =IF(F13,0.6,0)+IF(G13,0.4,0)
A14: International Relations | B14: Full Mock 1 | C14: Insights IAS | D14: 3 hr Mock | F14: FALSE | G14: FALSE | H14: =IF(F14,0.6,0)+IF(G14,0.4,0)
A15: International Relations | B15: Full Mock 2 | C15: Insights IAS | D15: 3 hr Mock | F15: FALSE | G15: FALSE | H15: =IF(F15,0.6,0)+IF(G15,0.4,0)

Sheet PYQ_Workbooks
A1: UPSC Mains — Smartwork Labs Answer Writing Workbooks (PYQs 2020–2024)
A2: GS-1, GS-2, GS-3, GS-4 Year-Wise & Question-Wise Practice
A3: ="Progress "&TEXT(AVERAGE(I5:I44),"0%")&" "&REPT("█",ROUND(AVERAGE(I5:I44)*20,0))&REPT("░",20-ROUND(AVERAGE(I5:I44)*20,0))&" · Total Sets: 40 · Completed Sets: "&COUNTIF(I5:I44,1)
A4: Paper | B4: Year | C4: Question Set / Range | D4: Total Questions | E4: Marks per Q / Pattern | F4: Written | G4: Model Answer / Review | H4: Notes Enriched | I4: Progress % | J4: Remarks
A5: GS-1 | B5: 2024 | C5: Q1 to Q10 (10 Marks / 150 Words) | D5: 10 | E5: 10 Marks each | F5: FALSE | G5: FALSE | H5: FALSE | I5: =IF(F5,0.5,0)+IF(G5,0.3,0)+IF(H5,0.2,0)
A6: GS-1 | B6: 2024 | C6: Q11 to Q20 (15 Marks / 250 Words) | D6: 10 | E6: 15 Marks each | F6: FALSE | G6: FALSE | H6: FALSE | I6: =IF(F6,0.5,0)+IF(G6,0.3,0)+IF(H6,0.2,0)
A7: GS-1 | B7: 2023 | C7: Q1 to Q10 (10 Marks / 150 Words) | D7: 10 | E7: 10 Marks each | F7: FALSE | G7: FALSE | H7: FALSE | I7: =IF(F7,0.5,0)+IF(G7,0.3,0)+IF(H7,0.2,0)
A8: GS-1 | B8: 2023 | C8: Q11 to Q20 (15 Marks / 250 Words) | D8: 10 | E8: 15 Marks each | F8: FALSE | G8: FALSE | H8: FALSE | I8: =IF(F8,0.5,0)+IF(G8,0.3,0)+IF(H8,0.2,0)
A9: GS-1 | B9: 2022 | C9: Q1 to Q10 (10 Marks / 150 Words) | D9: 10 | E9: 10 Marks each | F9: FALSE | G9: FALSE | H9: FALSE | I9: =IF(F9,0.5,0)+IF(G9,0.3,0)+IF(H9,0.2,0)
A10: GS-1 | B10: 2022 | C10: Q11 to Q20 (15 Marks / 250 Words) | D10: 10 | E10: 15 Marks each | F10: FALSE | G10: FALSE | H10: FALSE | I10: =IF(F10,0.5,0)+IF(G10,0.3,0)+IF(H10,0.2,0)
A11: GS-1 | B11: 2021 | C11: Q1 to Q10 (10 Marks / 150 Words) | D11: 10 | E11: 10 Marks each | F11: FALSE | G11: FALSE | H11: FALSE | I11: =IF(F11,0.5,0)+IF(G11,0.3,0)+IF(H11,0.2,0)
A12: GS-1 | B12: 2021 | C12: Q11 to Q20 (15 Marks / 250 Words) | D12: 10 | E12: 15 Marks each | F12: FALSE | G12: FALSE | H12: FALSE | I12: =IF(F12,0.5,0)+IF(G12,0.3,0)+IF(H12,0.2,0)
A13: GS-1 | B13: 2020 | C13: Q1 to Q10 (10 Marks / 150 Words) | D13: 10 | E13: 10 Marks each | F13: FALSE | G13: FALSE | H13: FALSE | I13: =IF(F13,0.5,0)+IF(G13,0.3,0)+IF(H13,0.2,0)
A14: GS-1 | B14: 2020 | C14: Q11 to Q20 (15 Marks / 250 Words) | D14: 10 | E14: 15 Marks each | F14: FALSE | G14: FALSE | H14: FALSE | I14: =IF(F14,0.5,0)+IF(G14,0.3,0)+IF(H14,0.2,0)
A15: GS-2 | B15: 2024 | C15: Q1 to Q10 (10 Marks / 150 Words) | D15: 10 | E15: 10 Marks each | F15: FALSE | G15: FALSE | H15: FALSE | I15: =IF(F15,0.5,0)+IF(G15,0.3,0)+IF(H15,0.2,0)
A16: GS-2 | B16: 2024 | C16: Q11 to Q20 (15 Marks / 250 Words) | D16: 10 | E16: 15 Marks each | F16: FALSE | G16: FALSE | H16: FALSE | I16: =IF(F16,0.5,0)+IF(G16,0.3,0)+IF(H16,0.2,0)
... A44: GS-4 | B44: 2020 | C44: Section B — Case Studies (Q7 to Q12) | D44: 6 | E44: 20 Marks each | F44: FALSE | G44: FALSE | H44: FALSE | I44: =IF(F44,0.5,0)+IF(G44,0.3,0)+IF(H44,0.2,0)

Sheet Essay_GenericCopies
A1: UPSC Mains — Essay & Generic Copies Tracker
A2: Smartworks Full Mocks + Notes Revision + Answer Writing Copies
A3: ="Progress "&TEXT(AVERAGE(G5:G19),"0%")&" "&REPT("█",ROUND(AVERAGE(G5:G19)*20,0))&REPT("░",20-ROUND(AVERAGE(G5:G19)*20,0))&" · Total Items: 15 · Completed: "&COUNTIF(G5:G19,1)
A4: Category | B4: Test Name / Details | C4: Source / Format | D4: Target Time | E4: Target Date | F4: Written / Done | G4: Progress % | H4: Remarks
A5: Essay Revision | B5: Notes Revision | C5: Self Notes | D5: 3 hr | F5: FALSE | G5: =IF(F5,1,0)
A6: Essay Mock | B6: Full Mock 2603 EY | C6: Smartworks (SWL) | D6: 3 hr | F6: FALSE | G6: =IF(F6,1,0)
A7: Essay Mock | B7: Full Mock 2602 EY | C7: Smartworks (SWL) | D7: 3 hr | F7: FALSE | G7: =IF(F7,1,0)
A8: Essay Mock | B8: Full Mock 2601 EY | C8: Smartworks (SWL) | D8: 3 hr | F8: FALSE | G8: =IF(F8,1,0)
A9: Essay Mock | B9: Full Mock 2604 EY | C9: Smartworks (SWL) | D9: 3 hr | F9: FALSE | G9: =IF(F9,1,0)
A10: Generic Copies | B10: Full Test Generic Copy 1 | C10: Blank Answer Copy | D10: Full Length | F10: FALSE | G10: =IF(F10,1,0)
A11: Generic Copies | B11: Full Test Generic Copy 2 | C11: Blank Answer Copy | D11: Full Length | F11: FALSE | G11: =IF(F11,1,0)
A12: Generic Copies | B12: Full Test Generic Copy 3 | C12: Blank Answer Copy | D12: Full Length | F12: FALSE | G12: =IF(F12,1,0)
A13: Generic Copies | B13: Full Test Generic Copy 4 | C13: Blank Answer Copy | D13: Full Length | F13: FALSE | G13: =IF(F13,1,0)
A14: Generic Copies | B14: Full Test Generic Copy 5 | C14: Blank Answer Copy | D14: Full Length | F14: FALSE | G14: =IF(F14,1,0)
A15: Generic Copies | B15: Half Test Generic Copy 1 | C15: Blank Answer Copy | D15: Half Test | F15: FALSE | G15: =IF(F15,1,0)
A16: Generic Copies | B16: Half Test Generic Copy 2 | C16: Blank Answer Copy | D16: Half Test | F16: FALSE | G16: =IF(F16,1,0)
... A19: Generic Copies | B19: Specimen Copy 2 | C19: Specimen Answer Copy | D19: Specimen | F19: FALSE | G19: =IF(F19,1,0)

Sheet PubAd_Mocks
A1: PubAd Optional — Mains Mock Test Series
A2: ForumIAS O-AWFG (DAWT + Sectionals + FLT) & Lukmaan IAS (1-10)
A3: ="Progress "&TEXT(AVERAGE(I5:I52),"0%")&" "&REPT("█",ROUND(AVERAGE(I5:I52)*20,0))&REPT("░",20-ROUND(AVERAGE(I5:I52)*20,0))&" · Total Tests: 48 · Completed: "&COUNTIF(I5:I52,1)
A4: Series / Institute | B4: Paper | C4: Test Code / Type | D4: Topic / Details | E4: Scheduled Date | F4: Written | G4: Evaluation / Review | H4: Score | I4: Progress % | J4: Remarks
A5: ForumIAS O-AWFG | B5: Paper 1 | C5: DAWT (985401) | D5: Civilisation & Public Administration; Bureaucratic theory of Max Weber | E5: 2025-12-22 | F5: FALSE | G5: FALSE | I5: =IF(F5,0.6,0)+IF(G5,0.4,0)
A6: ForumIAS O-AWFG | B6: Paper 1 | C6: DAWT (985402) | D6: Administrative Thought - Elton Mayo | E6: 2025-12-24 | F6: FALSE | G6: FALSE | I6: =IF(F6,0.6,0)+IF(G6,0.4,0)
A7: ForumIAS O-AWFG | B7: Paper 1 | C7: DAWT (985403) | D7: Administrative Thought & Behaviour: Chester Barnard, Herbert Simon | E7: 2025-12-26 | F7: FALSE | G7: FALSE | I7: =IF(F7,0.6,0)+IF(G7,0.4,0)
A8: ForumIAS O-AWFG | B8: Paper 1 | C8: DAWT (985404) | D8: New Public Administration, Leadership, Motivation and Morale | E8: 2025-12-28 | F8: FALSE | G8: FALSE | I8: =IF(F8,0.6,0)+IF(G8,0.4,0)
A9: ForumIAS O-AWFG | B9: Paper 1 | C9: DAWT (985405) | D9: Public Choice approach : The impact on the Discipline | E9: 2025-12-30 | F9: FALSE | G9: FALSE | I9: =IF(F9,0.6,0)+IF(G9,0.4,0)
A10: ForumIAS O-AWFG | B10: Paper 1 | C10: DAWT (985406) | D10: The Concept of Comparative Public Administration | E10: 2025-12-31 | F10: FALSE | G10: FALSE | I10: =IF(F10,0.6,0)+IF(G10,0.4,0)
A11: ForumIAS O-AWFG | B11: Paper 1 | C11: SECTIONAL TEST 1 (935201) | D11: Topics from TEST 1 - 6 | E11: 2026-01-02 | F11: FALSE | G11: FALSE | I11: =IF(F11,0.6,0)+IF(G11,0.4,0)
A12: ForumIAS O-AWFG | B12: Paper 1 | C12: DAWT (985407) | D12: Method and Level of CPA, Riggsian models and their critique | E12: 2026-01-04 | F12: FALSE | G12: FALSE | I12: =IF(F12,0.6,0)+IF(G12,0.4,0)
A13: ForumIAS O-AWFG | B13: Paper 1 | C13: DAWT (985408) | D13: The Concept and Significance of Administrative Law | E13: 2026-01-06 | F13: FALSE | G13: FALSE | I13: =IF(F13,0.6,0)+IF(G13,0.4,0)
A14: ForumIAS O-AWFG | B14: Paper 1 | C14: DAWT (985409) | D14: Changing profile of development and Anti-development thesis | E14: 2026-01-08 | F14: FALSE | G14: FALSE | I14: =IF(F14,0.6,0)+IF(G14,0.4,0)
A15: ForumIAS O-AWFG | B15: Paper 1 | C15: DAWT (985410) | D15: Strong state vs market debate; Impact of liberalization in dev countries | E15: 2026-01-10 | F15: FALSE | G15: FALSE | I15: =IF(F15,0.6,0)+IF(G15,0.4,0)
A16: ForumIAS O-AWFG | B16: Paper 1 | C16: DAWT (985411) | D16: Models of policy-making & critique, Planning, monitoring, State theories | E16: 2026-01-12 | F16: FALSE | G16: FALSE | I16: =IF(F16,0.6,0)+IF(G16,0.4,0)
... A42: ForumIAS O-AWFG | B42: Paper 2 | C42: DAWT (985432) | D42: Significant Issues in Indian Admin: Polity, Tech, Governance | E42: 2026-03-05 | F42: FALSE | G42: FALSE | I42: =IF(F42,0.6,0)+IF(G42,0.4,0)
A43: Lukmaan IAS | B43: Full Paper | C43: Full Mock 1 | D43: Full Syllabus Mock Test 1 | F43: FALSE | G43: FALSE | I43: =IF(F43,0.6,0)+IF(G43,0.4,0)
A44: Lukmaan IAS | B44: Full Paper | C44: Full Mock 2 | D44: Full Syllabus Mock Test 2 | F44: FALSE | G44: FALSE | I44: =IF(F44,0.6,0)+IF(G44,0.4,0)
A45: Lukmaan IAS | B45: Full Paper | C45: Full Mock 3 | D45: Full Syllabus Mock Test 3 | F45: FALSE | G45: FALSE | I45: =IF(F45,0.6,0)+IF(G45,0.4,0)
A46: Lukmaan IAS | B46: Full Paper | C46: Full Mock 4 | D46: Full Syllabus Mock Test 4 | F46: FALSE | G46: FALSE | I46: =IF(F46,0.6,0)+IF(G46,0.4,0)
A47: Lukmaan IAS | B47: Full Paper | C47: Full Mock 5 | D47: Full Syllabus Mock Test 5 | F47: FALSE | G47: FALSE | I47: =IF(F47,0.6,0)+IF(G47,0.4,0)
A48: Lukmaan IAS | B48: Full Paper | C48: Full Mock 6 | D48: Full Syllabus Mock Test 6 | F48: FALSE | G48: FALSE | I48: =IF(F48,0.6,0)+IF(G48,0.4,0)
A49: Lukmaan IAS | B49: Full Paper | C49: Full Mock 7 | D49: Full Syllabus Mock Test 7 | F49: FALSE | G49: FALSE | I49: =IF(F49,0.6,0)+IF(G49,0.4,0)
A50: Lukmaan IAS | B50: Full Paper | C50: Full Mock 8 | D50: Full Syllabus Mock Test 8 | F50: FALSE | G50: FALSE | I50: =IF(F50,0.6,0)+IF(G50,0.4,0)
A51: Lukmaan IAS | B51: Full Paper | C51: Full Mock 9 | D51: Full Syllabus Mock Test 9 | F51: FALSE | G51: FALSE | I51: =IF(F51,0.6,0)+IF(G51,0.4,0)
A52: Lukmaan IAS | B52: Full Paper | C52: Full Mock 10 | D52: Full Syllabus Mock Test 10 | F52: FALSE | G52: FALSE | I52: =IF(F52,0.6,0)+IF(G52,0.4,0)
